2269888	Pappardelle	Pappardelle	
207059	Thumbcuffs	Thumbcuffs	
28000935	Intubation	Intubation	
56026482	Jack_Ashton	Jack Ashton	
4167317	Hawqala	Hawqala|Ḥawqala	
17294154	Aziz_Ali	Aziz Ali	boxer
1113696	.yt	.yt	
63097133	Richard_Daddario	Richard Daddario|Richard Cornelius Daddario	
56628393	Melanie_Hamrick	Melanie Hamrick	
298896	Negrita_Jayde	Negrita Jayde	
39669785	Saudade_(Porno_Graffitti_song)	Saudade	porno graffitti song
63261500	Gökberk_Demirci	Gökberk Demirci	
1163837	Periwinkle_(color)	Periwinkle	color|colour
2527539	Gremolata	Gremolata	
6098286	Perineal_raphe	Perineal raphe|perineal raphe	
10530059	Kent_Bateman	Kent Bateman|Kent Bruce Bateman|Bruce Kent Bateman	
13265949	Bryan_Hitt	Bryan Keith Hitt|Bryan Hitt	
11166888	Jägerbomb	Jägerbomb	
24015356	K._Annamalai	K. Annamalai	aiadmk politician
29446635	Shomu_Mukherjee	Shomu Mukherjee	
12773830	Gillian_Iliana_Waters	Gillian Iliana White|Gillian Iliana Waters|Gillian White	actor
5965687	Ana_Rezende	Ana Rezende|Anjos	
17045772	Raj_Kaushal	Raj Kaushal	
62046634	Itzan_Escamilla	Itzan Escamilla Guerrero|Itzan Escamilla	
40093902	Awan_(religious_figure)	Awan	religious figure|rligious figure
767774	Irreconcilable_differences	Irreconcilable differences	
46940623	Dangal_(TV_channel)	Dangal	tv channel
40739803	Omicron_(film)	Omicron	film
42741781	Jazakallah	JazakAllah|Jazakallah	
63041866	David_Claessen	David Claessen	
4252291	Xhosa_clan_names	Iziduko|Xhosa clan names	
771275	Rana_Hussein	Rana Saddam Hussein|Rana Hussein	
51471584	Darrell_Ward	Darrell Ward	
22008702	Enoch_(son_of_Cain)	Enoch	son of cain|son of cain and awan
24773748	Thomas_salto	Thomas salto	
36533	Jubilee	Jubilee|jubilee	
60124118	Louise_Ford	Louise Ford	
56929042	Bonne_Maman	Bonne Maman	
985966	Hvitserk	Hvitserk	
10552511	Justin_Walker_(actor)	Justin Walker	actor
3483540	Bacardi_Breezer	Breezer|Bacardi Breezer	
6015496	Marisol_González	Marisol González Casas|Marisol González	
53720409	Ben_Dreyfuss	Benjamin Dreyfuss|Ben Dreyfuss	
54797432	Rob_Heaps	Rob Heaps	
24036094	Lucy_Dahl	Lucy Dahl|Lucy Neal Dahl	
50980844	Juan_Rivera_(singer)	Juan Rivera|Juan Rivera Saavedra	singer
12891221	Reina_King	Reina King|Reina R. King	
1582704	Flank_steak	Flank steak	
1601795	V24_engine	V24 engine	
8876287	Rebecca_Broussard	Rebecca Broussard	
4736949	Mawlawi_(Islamic_title)	Mawlawi	islamic title
9065347	Transient_lingual_papillitis	papillitis|Transient lingual papillitis	
51466184	Namita_Dubey	Namita Dubey	
153968	Poop_deck	poop deck|Poop deck	
20472972	Amy_Lippman	Amy Lippman	
24496617	Deborah_Falconer	Deborah Falconer	
58085384	Cade_Foehner	Cade Foehner	
12549459	Ye_Li	Ye Li	basketball
61737768	Alida_Morberg	Alida Morberg|Alida Indra Jasmin Morberg	
52389520	Camille_Razat	Camille Razat|Camille Emilie Razat	
21891415	Santino_(chimpanzee)	Santino	chimpanzee
68408395	Aftermath_(2021_film)	Aftermath	2021 film
31593368	Veronica_Porché_Ali	Veronica Ali|Veronica Porché Ali|Veronica Porché|Veronica Porché Anderson	
22484015	Angus_Sutherland_(actor)	Angus Sutherland|Angus Redford Sutherland	actor
14067783	Clyde_Klotz	Errol Clyde Klotz|Clyde Klotz	
47126195	White_lighter_myth	White lighter myth|curse	
42507020	Mexikoplatz	Mexikoplatz	
67708138	Vinnie_Bennett	Vinnie Bennett	
3105263	Carlo_Gabriel_Nero	Carlo Nero|Carlo Gabriel Redgrave Nero|Carlo Gabriel Nero	
5065631	Lisa_Joyner	Lisa Marie Joyner|Lisa Joyner	
61147141	Samant_Goel	Samant Kumar Goel|Samant Goel	
9536710	Highball	Highball|highball	cocktail
9930959	Chicken_marsala	Chicken marsala	
2638120	Debbi_Peterson	Debbi Peterson|Deborah Mary Peterson	
38859558	Varun_Sood	Varun Sood	cricketer
62174399	Daniel_Funke	Daniel Funke	
13435128	Four-ball_golf	Four ball|Four-ball golf|Four-ball|ball	golf
960065	Solomon_Grundy_(nursery_rhyme)	Solomon Grundy	nursery rhyme
9430706	Sarah_Parkinson	Sarah Parkinson|Sarah Jane Parkinson	
787288	Shiv_(weapon)	shiv|Shiv	weapon
2951007	Bruce_Hall_(musician)	Bruce William Hall|Bruce Hall	musician
9464377	Louis_Dega	Louis Dega	
36180327	Hanna_Alström	Hanna Alström|Hanna Carolina Alström	
38915105	Cassandra_Delaney	Cassandra Delaney|Brisbane	
6505988	Daith_piercing	Daith piercing|Daith	
65955400	Riuler	Riuler de Oliveira Faustino|Riuler	
6839070	Kristen_Pazik	Kristen Pazik	
1012000	Cooper_vane	Cooper vane	
41379140	Ekta_Sohini	Ekta Sohini	
49002109	Ángel_Gaspar	Ángel Gaspar|Ángel Jocsan Gaspar Hernández	
8721286	Durrell_family	Durrell family	
55287098	Pepper_X	Pepper X	
56310987	Airdrop_(cryptocurrency)	airdrop|Airdrop	cryptocurrency
60158148	Esther_Acebo	Esther Acebo	
19685528	Goldschläger	Goldschläger	
140500	Edgeplay	edgeplay|Edgeplay	
41895218	Paul_Wahlberg	Paul Wahlberg	
43448151	Amit_Bhatt	Amit Bhatt	
3838531	Vulval_vestibule	vulval vestibule|Vulval vestibule	
51518865	Christina_Trevanion	Christina Trevanion|Christina Helen Johanne Trevanion	
36883063	Teve2	teve2|Teve2	
1503182	Tobiko	Tobiko	
34632833	Lauren_Hammersley	Lauren Hammersley	
65678711	Eshay	Eshay	
60572387	Emma_Tremblay	Emma Tremblay	
49332693	Elen_Rhys	Elen Rhys	
1079942	Tarita_Teriipaia	Tarita Teriipaia|Tarita Teriʻipaia	
16043432	Andrea_Dotti_(psychiatrist)	Andrea Paolo Mario Dotti|Andrea Dotti	psychiatrist
32669938	Kenneth_Ferguson	Kenneth Ferguson	
5930897	Diego_Serrano	Diego Serrano	
24169694	Urethral_intercourse	intercourse|Urethral intercourse	
3315390	Sebastian_Stahl	Sebastian Stahl	
1963556	Michael_McCary	Michael Sean McCary|Michael McCary	
4933462	Picanha	Picanha	
5710304	Rhea_Durham	Rhea Durham	
60951092	Claudia_Haro	Claudia Martha Haro|Claudia Haro	
286052	Jim_Threapleton	James Threapleton|James Edward Threapleton|Jim Threapleton	
68783421	Richard_Buckley_(journalist)	Richard Buckley	journalist
5310467	Pete_Barnes	Pete Barnes|Peter G. Barnes	
29597198	Thordis_Brandt	Thordis Brandt	
15580374	Main_Page	Main Page	
680591	Footjob	footjob|Footjob	
63320152	Snaptube	Snaptube	
52738661	Priyanka_Phogat	Priyanka Phogat	
178068	Ponzu	Ponzu	
8723815	Sarah_Holcomb	Sarah Holcomb	
25338518	Barbara_Minty	Barbara Minty|Barbara Minty McQueen	
11816490	Orthodox_stance	stance|Orthodox stance|Orthodox	stance|boxing
3154886	Rigatoni	Rigatoni	
66481319	Monkey_Man_(film)	Monkey Man	film
23869227	Lisa_Rinehart	Lisa Rinehart	
2150174	Lepakshi	Lepakshi	
11408823	Yvonne_McGuinness	Yvonne McGuinness	
1421176	Anovulatory_cycle	Anovulatory cycle|anovulatory cycle	
4010922	Guanciale	Guanciale	
12503942	Georgianne_Walken	Georgianne Leigh Walken|Georgianne Walken	
1629492	Grand_Wizard	Grand Wizard	
7726297	Neal_Doughty	Neal Doughty|Neal Allan Doughty	
51260154	Radford_family	Radford family	
175543	Dilberito	Dilberito	
19689856	Colin_Sutton	Colin Bertie John Sutton QPM|Colin Sutton	
5389769	Aperol	Aperol	
280903	Mark_Herron	Herron|Mark Herron	
3727298	Cetaphil	Cetaphil	
29685320	Hickey	hickey|Hickey	injury
65335289	Tityus_bahiensis	Tityus bahiensis	
2258995	Arrabbiata_sauce	Arrabbiata sauce|sauce|Arrabbiata	
303386	Apoplexy	Apoplexy	
50988411	Sanket_Bhosale	Bhosale(born|Sanket Bhosale	
2327147	Royston_Langdon	Royston William Langdon|Royston Langdon	
3885779	Simone_Tata	née Dunoyer|Simone Tata	
62722487	Adam_Huber	Adam Huber	
57726157	Betika	Betika	
43637198	Robert_Godley	Robert Godley	
37732673	Nic_Sheff	Nic Sheff	
50579453	MRC-5	MRC-5	
34506424	Bradley_Freegard	Bradley Freegard	
3651670	Lauri_Peters	Lauri Peters	
54970976	Brandi_Cyrus	Brandi Cyrus	
32660620	Shawty_(slang)	Shawty	slang
41304128	Dr._Death_(1945_TV_series)	Dr. Death	1945 tv series
2530252	Erran_Baron_Cohen	Erran Boaz Baron Cohen|Erran Baron Cohen|Erran Cohen	
252586	Modus_operandi	Modus operandi|modus operandi	
57479549	Morgan_Turner	Morgan Jeanette Turner|Morgan Turner	
6979348	Carolyn_Dennis	Carol Dennis|Carolyn Dennis|Carol Dennis-Dylan	
10250527	Sandwich_loaf	sandwich loaf|Sandwich loaf	
54561764	John_Hemphill_(actor)	John Hemphill	actor
8009067	DJ_Subroc	Subroc|DJ Subroc|Dingilizwe Dumile	rapper
37006185	Sarfaraz_Khan_(actor)	Sarfaraz Khan	actor
9160	De_jure	De jure	
40756821	Surilie_Gautam	Surilie Gautam|Surilie Gautam Bhatti	
3000087	Annette_Zilinskas	Annette Celia Genevieve Zilinskas|Annette Zilinskas	
15448403	WordReference.com	WordReference|WordReference.com	
54215349	Blake_Lee	Blake Lee	
4445968	Neha_Kapur	Neha Kapur	
2804244	Pizza_Margherita	Margherita|Pizza Margherita	pizza
3900047	Robbie_Jarvis	Robert Stephen Jarvis|Robbie Jarvis	
36650624	Jon-Michael_Ecker	Jon-Michael William Ecker|Jon-Michael Ecker	
30962850	Laura_Brent	Laura Brent	
47562343	Janet_Sheen	Janet Templeton|Janet Sheen|Janet Elizabeth Estévez	
192281	Pronunciation	Pronunciation	
14615273	Infrared_blaster	blaster|Infrared blaster	
2200509	Nicole_Narain	Nicole Narain	
65452	Galangal	Galangal	
46609325	Nuru_(massage)	Nuru	massage
31257	Tadoma	Tadoma	
61972	Tartar_sauce	Tartar sauce	
4415813	Aquarius_(astrology)	Aquarius	astrological sign|astrology|zodiac sign
2935273	Sean_Frye	Sean Frye|Sean Anthony Frye	
64175352	Julio_Macias	Julio Arturo Macias|Julio Macias	
41185515	Kelly_Harmon	Kelly Jean Harmon Miller|Kelly Harmon	
9777625	Willie_Harper	Willie Miles Harper|Willie Harper	
4263239	Baby_Guinness	Baby Guinness	
2144793	Hurby_Azor	Hurby "Luv Bug" Azor|Hurby Luv Bug|Hurby Azor|Fingerprints	
48665852	Kala_Savage	Kala Lynne Savage|Kala Savage	
4242476	Paul_Khoury	Paul Khoury	
19937477	Deck_prism	Deck prism|deck prism	
39327914	Chūnibyō	Chūnibyō	
29461149	Al_Aoula	Al Aoula	
54368063	Changeland	Changeland	
63905799	Alexandra_Dinu	Alexandra Dinu	
52332362	Nicole_Power	Nicole Power	
8149019	Dwayne_Wayans	Dwayne Howell Wayans|Dwayne Wayans	
11466455	Kasthuri_Raja	Kasthuri Raja	
64060136	Untamed_(memoir)	Untamed	autobiography|memoir|doyle book
6771643	Gladys_Portugues	Gladys Portugues	
4520995	Jade_Jones_(singer)	Jade Jones	singer
1784650	Groin	groin|Groin	
63733716	Jack_Messina	Jack Messina	
146061	Pili_multigemini	Pili multigemini	
29506472	Stephen_Kay	Stephen Kay|Stephen T. Kay	director
12643143	Charles_Martin_(director)	Charles Martin	director
3821533	XX/XY	XX/XY	
1196846	Spic	Spic	slur
17041304	India_Cements	India Cements|India Cements Limited	
16136532	Andrew_McCollum	Andrew McCollum	
64020476	Jess_King	Jess King|Jessica King	
4393921	Glasgow_smile	Glasgow smile	
47126688	Peerage	peerage|Peerage	
67327157	Lois_Sasson	Lois Sasson	
1527584	Rib_eye_steak	Rib eye|rib eye|Rib eye steak	
69126502	Hypnotic_(2021_film)	Hypnotic	2021 film
66883449	Mumbaikar_(film)	Mumbaikar	film
57223521	Jason_Genao	Jason Genao	
23140748	James_Mitchum	James Mitchum	
22291754	Piezogenic_papules	herniation|Piezogenic papules	
42981624	Anand_Shankar	Anand Shankar	
68117161	Anthony_Falco	Anthony Falco|Falco	
18830926	Blanket_training	Blanket training	
22778442	Mark_Landon	Mark Landon	
39289515	Aiysha_Hart	Aiysha Hart	
50844586	Finn_Cole	Finn Cole|Finlay Lewis J. Cole	
121420	Crore	Crore	
37720447	Modesta_Vžesniauskaitė	Modesta Vžesniauskaitė	
64257307	Louise_Eriksen	Louise Eriksen|Louise Dannemann Eriksen	
19598607	Amy_Redford	Amy Hart Redford|Amy Redford	
944376	Soppressata	Soppressata	
204251	Call_option	Call option	
7365417	Danny_Daniels	Danny Daniels|Daniel Giagni	
48802027	Deadheading_(employee)	Deadheading	employee
46537827	Sunayana_Fozdar	Sunayana Fozdar	
2418141	Taurus_(astrology)	Taurus	bull|astrological sign|astrology|zodiac sign
47025036	Parag_Tyagi	Parag Tyagi	
62958012	Matt_Cornett	Matt Cornett	
55928214	Allegra_Curtis	Allegra Curtis	
62275655	Jasmin_(Indian_actress)	Jasmin	indian actress
3856794	Navagraha	Navagraha	
8124695	Degloving	Degloving|injury	
63701346	Amy_Corbett	Amy Corbett	
2199198	Mavis_Leno	Mavis Leno|Mavis Elizabeth Nicholson Leno	
11676994	Dilip_Buwa	Dilip Buwa	
1190591	Sirloin_steak	Sirloin|Sirloin steak	
446574	Shocker_(hand_gesture)	Shocker|shocker	gesture|hand gestur|hand gesture
25362999	Sarah_Niles	Sarah Niles	
674207	Torso	torso|Torso	
39607568	Aishwarya_Arjun	Aishwarya Arjun	
27513549	Mike_Baker_(CIA_officer)	Michael Baker|Mike Baker	cia operative|cia officer
38205458	David_Jacobs_(gymnast)	David Jacobs	gymnast
2224150	MARAUDER	MARAUDER	
50647047	Dean_John-Wilson	Dean John-Wilson	
26675757	Chaunté_Wayans	Chaunté Wayans	
2602132	David_Larsen	David Larsen	
657426	Benjamin_Salisbury	Benjamin Salisbury|Benjamin David Salisbury	